<?xml version="1.0" encoding="UTF-8"?>
<adf>
  <banner>
    <details>
      <uniqueId>9cebfc7c95d6b484038856b207bbcd1d</uniqueId>
      <format>Standard</format>
      <name><![CDATA[SBN 500x200 CZ MBS Prepaid-Summer]]></name>
      <events>1</events>
    </details>
    <settings>
      <responsiveWidth>0</responsiveWidth>
      <responsiveHeight>0</responsiveHeight>
      <landingPageTarget>_blank</landingPageTarget>
    </settings>
    <assets>
      <asset>
        <sourceType>src</sourceType>
        <fileName>main</fileName>
        <clickTagNames>
          <clickTagName><![CDATA[clickTAG]]></clickTagName>
        </clickTagNames>
        <eventIds/>
      </asset>
    </assets>
    <bannerClickTags>
      <bannerClickTag name="clickTAG" displayName="clickTAG"><![CDATA[http://www.vodafone.cz]]></bannerClickTag>
    </bannerClickTags>
    <bannerEvents/>
    <variables/>
  </banner>
</adf>
